-- phpMyAdmin SQL Dump
-- version 4.3.11
-- http://www.phpmyadmin.net
--
-- Anamakine: 127.0.0.1
-- Üretim Zamanı: 03 May 2017, 14:47:41
-- Sunucu sürümü: 5.6.24
-- PHP Sürümü: 5.6.8

SET SQL_MODE = "NO_AUTO_VALUE_ON_ZERO";
SET time_zone = "+00:00";


/*!40101 SET @OLD_CHARACTER_SET_CLIENT=@@CHARACTER_SET_CLIENT */;
/*!40101 SET @OLD_CHARACTER_SET_RESULTS=@@CHARACTER_SET_RESULTS */;
/*!40101 SET @OLD_COLLATION_CONNECTION=@@COLLATION_CONNECTION */;
/*!40101 SET NAMES utf8 */;

--
-- Veritabanı: `kargotakipdb`
--

-- --------------------------------------------------------

--
-- Tablo için tablo yapısı `adres`
--

CREATE TABLE IF NOT EXISTS `adres` (
  `adres_` int(11) NOT NULL,
  `adres` varchar(100) NOT NULL,
  `ilce_` int(11) NOT NULL
) ENGINE=InnoDB AUTO_INCREMENT=49 DEFAULT CHARSET=latin5;

--
-- Tablo döküm verisi `adres`
--

INSERT INTO `adres` (`adres_`, `adres`, `ilce_`) VALUES
(1, 'İstiklal Cad. No:56', 424),
(2, 'yeni mah. yeni cad. no:100', 467),
(3, 'Orta mah. Düz Cad. no:9', 429),
(4, 'Yunus Emre mah. Kuş cad. no:89', 448),
(5, 'Bulvar mah. Bulvar cad. no:5', 452),
(8, 'ornk mah. ornk cad. no:11', 64),
(10, 'eyüp mah. eyüp cad. no:1', 426),
(22, 'son mah.  caasa cad. no:22', 62),
(23, 'aaa mah. bbb cad. no:15', 62),
(24, 'dddd mah. eeeee cad. no:19', 16),
(39, 'ffff mah. hhhh cad. no:5', 25),
(41, 'ababa mah. bcbcb cad. no:98', 25),
(42, 'kalan mah kalan cad. no:8', 86),
(43, 'can mah. can cad. no:16', 86),
(44, 'hisar mah. doğan cad. no:35', 565),
(45, 'day mah. year cad. no:84', 90),
(48, 'çeşme mah. çaşme cad. no:5', 463);

-- --------------------------------------------------------

--
-- Tablo için tablo yapısı `il`
--

CREATE TABLE IF NOT EXISTS `il` (
  `il_` int(11) NOT NULL,
  `plakakodu` int(11) DEFAULT NULL,
  `il` varchar(255) COLLATE utf8_unicode_ci NOT NULL
) ENGINE=InnoDB AUTO_INCREMENT=82 DEFAULT CHARSET=utf8 COLLATE=utf8_unicode_ci;

--
-- Tablo döküm verisi `il`
--

INSERT INTO `il` (`il_`, `plakakodu`, `il`) VALUES
(1, 1, 'Adana'),
(2, 2, 'Adıyaman'),
(3, 3, 'Afyonkarahisar'),
(4, 4, 'Ağrı'),
(5, 5, 'Amasya'),
(6, 6, 'Ankara'),
(7, 7, 'Antalya'),
(8, 8, 'Artvin'),
(9, 9, 'Aydın'),
(10, 10, 'Balıkesir'),
(11, 11, 'Bilecik'),
(12, 12, 'Bingöl'),
(13, 13, 'Bitlis'),
(14, 14, 'Bolu'),
(15, 15, 'Burdur'),
(16, 16, 'Bursa'),
(17, 17, 'Çanakkale'),
(18, 18, 'Çankırı'),
(19, 19, 'Çorum'),
(20, 20, 'Denizli'),
(21, 21, 'Diyarbakır'),
(22, 22, 'Edirne'),
(23, 23, 'Elazığ'),
(24, 24, 'Erzincan'),
(25, 25, 'Erzurum'),
(26, 26, 'Eskişehir'),
(27, 27, 'Gaziantep'),
(28, 28, 'Giresun'),
(29, 29, 'Gümüşhane'),
(30, 30, 'Hakkari'),
(31, 31, 'Hatay'),
(32, 32, 'Isparta'),
(33, 33, 'Mersin'),
(34, 34, 'İstanbul'),
(35, 35, 'İzmir'),
(36, 36, 'Kars'),
(37, 37, 'Kastamonu'),
(38, 38, 'Kayseri'),
(39, 39, 'Kırklareli'),
(40, 40, 'Kırşehir'),
(41, 41, 'Kocaeli'),
(42, 42, 'Konya'),
(43, 43, 'Kütahya'),
(44, 44, 'Malatya'),
(45, 45, 'Manisa'),
(46, 46, 'Kahramanmaraş'),
(47, 47, 'Mardin'),
(48, 48, 'Muğla'),
(49, 49, 'Muş'),
(50, 50, 'Nevşehir'),
(51, 51, 'Niğde'),
(52, 52, 'Ordu'),
(53, 53, 'Rize'),
(54, 54, 'Sakarya'),
(55, 55, 'Samsun'),
(56, 56, 'Siirt'),
(57, 57, 'Sinop'),
(58, 58, 'Sivas'),
(59, 59, 'Tekirdağ'),
(60, 60, 'Tokat'),
(61, 61, 'Trabzon'),
(62, 62, 'Tunceli'),
(63, 63, 'Şanlıurfa'),
(64, 64, 'Uşak'),
(65, 65, 'Van'),
(66, 66, 'Yozgat'),
(67, 67, 'Zonguldak'),
(68, 68, 'Aksaray'),
(69, 69, 'Bayburt'),
(70, 70, 'Karaman'),
(71, 71, 'Kırıkkale'),
(72, 72, 'Batman'),
(73, 73, 'Şırnak'),
(74, 74, 'Bartın'),
(75, 75, 'Ardahan'),
(76, 76, 'Iğdır'),
(77, 77, 'Yalova'),
(78, 78, 'Karabük'),
(79, 79, 'Kilis'),
(80, 80, 'Osmaniye'),
(81, 81, 'Düzce');

-- --------------------------------------------------------

--
-- Tablo için tablo yapısı `ilce`
--

CREATE TABLE IF NOT EXISTS `ilce` (
  `ilce_` int(11) NOT NULL,
  `il_` int(11) DEFAULT NULL,
  `ilce` varchar(255) COLLATE utf8_unicode_ci NOT NULL
) ENGINE=InnoDB AUTO_INCREMENT=968 DEFAULT CHARSET=utf8 COLLATE=utf8_unicode_ci;

--
-- Tablo döküm verisi `ilce`
--

INSERT INTO `ilce` (`ilce_`, `il_`, `ilce`) VALUES
(1, 1, 'Seyhan'),
(2, 1, 'Ceyhan'),
(3, 1, 'Feke'),
(4, 1, 'Karaisalı'),
(5, 1, 'Karataş'),
(6, 1, 'Kozan'),
(7, 1, 'Pozantı'),
(8, 1, 'Saimbeyli'),
(9, 1, 'Tufanbeyli'),
(10, 1, 'Yumurtalık'),
(11, 1, 'Yüreğir'),
(12, 1, 'Aladağ'),
(13, 1, 'İmamoğlu'),
(14, 1, 'Sarıçam'),
(15, 1, 'Çukurova'),
(16, 2, 'Adıyaman Merkez'),
(17, 2, 'Besni'),
(18, 2, 'Çelikhan'),
(19, 2, 'Gerger'),
(20, 2, 'Gölbaşı / Adıyaman'),
(21, 2, 'Kahta'),
(22, 2, 'Samsat'),
(23, 2, 'Sincik'),
(24, 2, 'Tut'),
(25, 3, 'Afyonkarahisar Merkez'),
(26, 3, 'Bolvadin'),
(27, 3, 'Çay'),
(28, 3, 'Dazkırı'),
(29, 3, 'Dinar'),
(30, 3, 'Emirdağ'),
(31, 3, 'İhsaniye'),
(32, 3, 'Sandıklı'),
(33, 3, 'Sinanpaşa'),
(34, 3, 'Sultandağı'),
(35, 3, 'Şuhut'),
(36, 3, 'Başmakçı'),
(37, 3, 'Bayat / Afyonkarahisar'),
(38, 3, 'İscehisar'),
(39, 3, 'Çobanlar'),
(40, 3, 'Evciler'),
(41, 3, 'Hocalar'),
(42, 3, 'Kızılören'),
(43, 4, 'Ağrı Merkez'),
(44, 4, 'Diyadin'),
(45, 4, 'Doğubayazıt'),
(46, 4, 'Eleşkirt'),
(47, 4, 'Hamur'),
(48, 4, 'Patnos'),
(49, 4, 'Taşlıçay'),
(50, 4, 'Tutak'),
(51, 5, 'Amasya Merkez'),
(52, 5, 'Göynücek'),
(53, 5, 'Gümüşhacıköy'),
(54, 5, 'Merzifon'),
(55, 5, 'Suluova'),
(56, 5, 'Taşova'),
(57, 5, 'Hamamözü'),
(58, 6, 'Altındağ'),
(59, 6, 'Ayaş'),
(60, 6, 'Bala'),
(61, 6, 'Beypazarı'),
(62, 6, 'Çamlıdere'),
(63, 6, 'Çankaya'),
(64, 6, 'Çubuk'),
(65, 6, 'Elmadağ'),
(66, 6, 'Güdül'),
(67, 6, 'Haymana'),
(68, 6, 'Kalecik'),
(69, 6, 'Kızılcahamam'),
(70, 6, 'Nallıhan'),
(71, 6, 'Polatlı'),
(72, 6, 'Şereflikoçhisar'),
(73, 6, 'Yenimahalle'),
(74, 6, 'Gölbaşı / Ankara'),
(75, 6, 'Keçiören'),
(76, 6, 'Mamak'),
(77, 6, 'Sincan'),
(78, 6, 'Kazan'),
(79, 6, 'Akyurt'),
(80, 6, 'Etimesgut'),
(81, 6, 'Evren'),
(82, 6, 'Pursaklar'),
(83, 7, 'Akseki'),
(84, 7, 'Alanya'),
(85, 7, 'Elmalı'),
(86, 7, 'Finike'),
(87, 7, 'Gazipaşa'),
(88, 7, 'Gündoğmuş'),
(89, 7, 'Kaş'),
(90, 7, 'Korkuteli'),
(91, 7, 'Kumluca'),
(92, 7, 'Manavgat'),
(93, 7, 'Serik'),
(94, 7, 'Demre'),
(95, 7, 'İbradı'),
(96, 7, 'Kemer / Antalya'),
(97, 7, 'Aksu / Antalya'),
(98, 7, 'Döşemealtı'),
(99, 7, 'Kepez'),
(100, 7, 'Konyaaltı'),
(101, 7, 'Muratpaşa'),
(102, 8, 'Ardanuç'),
(103, 8, 'Arhavi'),
(104, 8, 'Artvin Merkez'),
(105, 8, 'Borçka'),
(106, 8, 'Hopa'),
(107, 8, 'Şavşat'),
(108, 8, 'Yusufeli'),
(109, 8, 'Murgul'),
(110, 9, 'Bozdoğan'),
(111, 9, 'Çine'),
(112, 9, 'Germencik'),
(113, 9, 'Karacasu'),
(114, 9, 'Koçarlı'),
(115, 9, 'Kuşadası'),
(116, 9, 'Kuyucak'),
(117, 9, 'Nazilli'),
(118, 9, 'Söke'),
(119, 9, 'Sultanhisar'),
(120, 9, 'Yenipazar / Aydın'),
(121, 9, 'Buharkent'),
(122, 9, 'İncirliova'),
(123, 9, 'Karpuzlu'),
(124, 9, 'Köşk'),
(125, 9, 'Didim'),
(126, 9, 'Efeler'),
(127, 10, 'Ayvalık'),
(128, 10, 'Balya'),
(129, 10, 'Bandırma'),
(130, 10, 'Bigadiç'),
(131, 10, 'Burhaniye'),
(132, 10, 'Dursunbey'),
(133, 10, 'Edremit / Balıkesir'),
(134, 10, 'Erdek'),
(135, 10, 'Gönen / Balıkesir'),
(136, 10, 'Havran'),
(137, 10, 'İvrindi'),
(138, 10, 'Kepsut'),
(139, 10, 'Manyas'),
(140, 10, 'Savaştepe'),
(141, 10, 'Sındırgı'),
(142, 10, 'Susurluk'),
(143, 10, 'Marmara'),
(144, 10, 'Gömeç'),
(145, 10, 'Altıeylül'),
(146, 10, 'Karesi'),
(147, 11, 'Bilecik Merkez'),
(148, 11, 'Bozüyük'),
(149, 11, 'Gölpazarı'),
(150, 11, 'Osmaneli'),
(151, 11, 'Pazaryeri'),
(152, 11, 'Söğüt'),
(153, 11, 'Yenipazar / Bilecik'),
(154, 11, 'İnhisar'),
(155, 12, 'Bingöl Merkez'),
(156, 12, 'Genç'),
(157, 12, 'Karlıova'),
(158, 12, 'Kiğı'),
(159, 12, 'Solhan'),
(160, 12, 'Adaklı'),
(161, 12, 'Yayladere'),
(162, 12, 'Yedisu'),
(163, 13, 'Adilcevaz'),
(164, 13, 'Ahlat'),
(165, 13, 'Bitlis Merkez'),
(166, 13, 'Hizan'),
(167, 13, 'Mutki'),
(168, 13, 'Tatvan'),
(169, 13, 'Güroymak'),
(170, 14, 'Bolu Merkez'),
(171, 14, 'Gerede'),
(172, 14, 'Göynük'),
(173, 14, 'Kıbrıscık'),
(174, 14, 'Mengen'),
(175, 14, 'Mudurnu'),
(176, 14, 'Seben'),
(177, 14, 'Dörtdivan'),
(178, 14, 'Yeniçağa'),
(179, 15, 'Ağlasun'),
(180, 15, 'Bucak'),
(181, 15, 'Burdur Merkez'),
(182, 15, 'Gölhisar'),
(183, 15, 'Tefenni'),
(184, 15, 'Yeşilova'),
(185, 15, 'Karamanlı'),
(186, 15, 'Kemer / Burdur'),
(187, 15, 'Altınyayla / Burdur'),
(188, 15, 'Çavdır'),
(189, 15, 'Çeltikçi'),
(190, 16, 'Gemlik'),
(191, 16, 'İnegöl'),
(192, 16, 'İznik'),
(193, 16, 'Karacabey'),
(194, 16, 'Keles'),
(195, 16, 'Mudanya'),
(196, 16, 'Mustafakemalpaşa'),
(197, 16, 'Orhaneli'),
(198, 16, 'Orhangazi'),
(199, 16, 'Yenişehir / Bursa'),
(200, 16, 'Büyükorhan'),
(201, 16, 'Harmancık'),
(202, 16, 'Nilüfer'),
(203, 16, 'Osmangazi'),
(204, 16, 'Yıldırım'),
(205, 16, 'Gürsu'),
(206, 16, 'Kestel'),
(207, 17, 'Ayvacık / Çanakkale'),
(208, 17, 'Bayramiç'),
(209, 17, 'Biga'),
(210, 17, 'Bozcaada'),
(211, 17, 'Çan'),
(212, 17, 'Çanakkale Merkez'),
(213, 17, 'Eceabat'),
(214, 17, 'Ezine'),
(215, 17, 'Gelibolu'),
(216, 17, 'Gökçeada'),
(217, 17, 'Lapseki'),
(218, 17, 'Yenice / Çanakkale'),
(219, 18, 'Çankırı Merkez'),
(220, 18, 'Çerkeş'),
(221, 18, 'Eldivan'),
(222, 18, 'Ilgaz'),
(223, 18, 'Kurşunlu'),
(224, 18, 'Orta'),
(225, 18, 'Şabanözü'),
(226, 18, 'Yapraklı'),
(227, 18, 'Atkaracalar'),
(228, 18, 'Kızılırmak'),
(229, 18, 'Bayramören'),
(230, 18, 'Korgun'),
(231, 19, 'Alaca'),
(232, 19, 'Bayat / Çorum'),
(233, 19, 'Çorum Merkez'),
(234, 19, 'İskilip'),
(235, 19, 'Kargı'),
(236, 19, 'Mecitözü'),
(237, 19, 'Ortaköy / Çorum'),
(238, 19, 'Osmancık'),
(239, 19, 'Sungurlu'),
(240, 19, 'Boğazkale'),
(241, 19, 'Uğurludağ'),
(242, 19, 'Dodurga'),
(243, 19, 'Laçin'),
(244, 19, 'Oğuzlar'),
(245, 20, 'Acıpayam'),
(246, 20, 'Buldan'),
(247, 20, 'Çal'),
(248, 20, 'Çameli'),
(249, 20, 'Çardak'),
(250, 20, 'Çivril'),
(251, 20, 'Güney'),
(252, 20, 'Kale / Denizli'),
(253, 20, 'Sarayköy'),
(254, 20, 'Tavas'),
(255, 20, 'Babadağ'),
(256, 20, 'Bekilli'),
(257, 20, 'Honaz'),
(258, 20, 'Serinhisar'),
(259, 20, 'Pamukkale'),
(260, 20, 'Baklan'),
(261, 20, 'Beyağaç'),
(262, 20, 'Bozkurt / Denizli'),
(263, 20, 'Merkezefendi'),
(264, 21, 'Bismil'),
(265, 21, 'Çermik'),
(266, 21, 'Çınar'),
(267, 21, 'Çüngüş'),
(268, 21, 'Dicle'),
(269, 21, 'Ergani'),
(270, 21, 'Hani'),
(271, 21, 'Hazro'),
(272, 21, 'Kulp'),
(273, 21, 'Lice'),
(274, 21, 'Silvan'),
(275, 21, 'Eğil'),
(276, 21, 'Kocaköy'),
(277, 21, 'Bağlar'),
(278, 21, 'Kayapınar'),
(279, 21, 'Sur'),
(280, 21, 'Yenişehir / Diyarbakır'),
(281, 22, 'Edirne Merkez'),
(282, 22, 'Enez'),
(283, 22, 'Havsa'),
(284, 22, 'İpsala'),
(285, 22, 'Keşan'),
(286, 22, 'Lalapaşa'),
(287, 22, 'Meriç'),
(288, 22, 'Uzunköprü'),
(289, 22, 'Süloğlu'),
(290, 23, 'Ağın'),
(291, 23, 'Baskil'),
(292, 23, 'Elazığ Merkez'),
(293, 23, 'Karakoçan'),
(294, 23, 'Keban'),
(295, 23, 'Maden'),
(296, 23, 'Palu'),
(297, 23, 'Sivrice'),
(298, 23, 'Arıcak'),
(299, 23, 'Kovancılar'),
(300, 23, 'Alacakaya'),
(301, 24, 'Çayırlı'),
(302, 24, 'Erzincan Merkez'),
(303, 24, 'İliç'),
(304, 24, 'Kemah'),
(305, 24, 'Kemaliye'),
(306, 24, 'Refahiye'),
(307, 24, 'Tercan'),
(308, 24, 'Üzümlü'),
(309, 24, 'Otlukbeli'),
(310, 25, 'Aşkale'),
(311, 25, 'Çat'),
(312, 25, 'Hınıs'),
(313, 25, 'Horasan'),
(314, 25, 'İspir'),
(315, 25, 'Karayazı'),
(316, 25, 'Narman'),
(317, 25, 'Oltu'),
(318, 25, 'Olur'),
(319, 25, 'Pasinler'),
(320, 25, 'Şenkaya'),
(321, 25, 'Tekman'),
(322, 25, 'Tortum'),
(323, 25, 'Karaçoban'),
(324, 25, 'Uzundere'),
(325, 25, 'Pazaryolu'),
(326, 25, 'Aziziye'),
(327, 25, 'Köprüköy'),
(328, 25, 'Palandöken'),
(329, 25, 'Yakutiye'),
(330, 26, 'Çifteler'),
(331, 26, 'Mahmudiye'),
(332, 26, 'Mihalıççık'),
(333, 26, 'Sarıcakaya'),
(334, 26, 'Seyitgazi'),
(335, 26, 'Sivrihisar'),
(336, 26, 'Alpu'),
(337, 26, 'Beylikova'),
(338, 26, 'İnönü'),
(339, 26, 'Günyüzü'),
(340, 26, 'Han'),
(341, 26, 'Mihalgazi'),
(342, 26, 'Odunpazarı'),
(343, 26, 'Tepebaşı'),
(344, 27, 'Araban'),
(345, 27, 'İslahiye'),
(346, 27, 'Nizip'),
(347, 27, 'Oğuzeli'),
(348, 27, 'Yavuzeli'),
(349, 27, 'Şahinbey'),
(350, 27, 'Şehitkamil'),
(351, 27, 'Karkamış'),
(352, 27, 'Nurdağı'),
(353, 28, 'Alucra'),
(354, 28, 'Bulancak'),
(355, 28, 'Dereli'),
(356, 28, 'Espiye'),
(357, 28, 'Eynesil'),
(358, 28, 'Giresun Merkez'),
(359, 28, 'Görele'),
(360, 28, 'Keşap'),
(361, 28, 'Şebinkarahisar'),
(362, 28, 'Tirebolu'),
(363, 28, 'Piraziz'),
(364, 28, 'Yağlıdere'),
(365, 28, 'Çamoluk'),
(366, 28, 'Çanakçı'),
(367, 28, 'Doğankent'),
(368, 28, 'Güce'),
(369, 29, 'Gümüşhane Merkez'),
(370, 29, 'Kelkit'),
(371, 29, 'Şiran'),
(372, 29, 'Torul'),
(373, 29, 'Köse'),
(374, 29, 'Kürtün'),
(375, 30, 'Çukurca'),
(376, 30, 'Hakkari Merkez'),
(377, 30, 'Şemdinli'),
(378, 30, 'Yüksekova'),
(379, 31, 'Altınözü'),
(380, 31, 'Dörtyol'),
(381, 31, 'Hassa'),
(382, 31, 'İskenderun'),
(383, 31, 'Kırıkhan'),
(384, 31, 'Reyhanlı'),
(385, 31, 'Samandağ'),
(386, 31, 'Yayladağı'),
(387, 31, 'Erzin'),
(388, 31, 'Belen'),
(389, 31, 'Kumlu'),
(390, 31, 'Antakya'),
(391, 31, 'Arsuz'),
(392, 31, 'Defne'),
(393, 31, 'Payas'),
(394, 32, 'Atabey'),
(395, 32, 'Eğirdir'),
(396, 32, 'Gelendost'),
(397, 32, 'Isparta Merkez'),
(398, 32, 'Keçiborlu'),
(399, 32, 'Senirkent'),
(400, 32, 'Sütçüler'),
(401, 32, 'Şarkikaraağaç'),
(402, 32, 'Uluborlu'),
(403, 32, 'Yalvaç'),
(404, 32, 'Aksu / Isparta'),
(405, 32, 'Gönen / Isparta'),
(406, 32, 'Yenişarbademli'),
(407, 33, 'Anamur'),
(408, 33, 'Erdemli'),
(409, 33, 'Gülnar'),
(410, 33, 'Mut'),
(411, 33, 'Silifke'),
(412, 33, 'Tarsus'),
(413, 33, 'Aydıncık / Mersin'),
(414, 33, 'Bozyazı'),
(415, 33, 'Çamlıyayla'),
(416, 33, 'Akdeniz'),
(417, 33, 'Mezitli'),
(418, 33, 'Toroslar'),
(419, 33, 'Yenişehir / Mersin'),
(420, 34, 'Adalar'),
(421, 34, 'Bakırköy'),
(422, 34, 'Beşiktaş'),
(423, 34, 'Beykoz'),
(424, 34, 'Beyoğlu'),
(425, 34, 'Çatalca'),
(426, 34, 'Eyüp'),
(427, 34, 'Fatih'),
(428, 34, 'Gaziosmanpaşa'),
(429, 34, 'Kadıköy'),
(430, 34, 'Kartal'),
(431, 34, 'Sarıyer'),
(432, 34, 'Silivri'),
(433, 34, 'Şile'),
(434, 34, 'Şişli'),
(435, 34, 'Üsküdar'),
(436, 34, 'Zeytinburnu'),
(437, 34, 'Büyükçekmece'),
(438, 34, 'Kağıthane'),
(439, 34, 'Küçükçekmece'),
(440, 34, 'Pendik'),
(441, 34, 'Ümraniye'),
(442, 34, 'Bayrampaşa'),
(443, 34, 'Avcılar'),
(444, 34, 'Bağcılar'),
(445, 34, 'Bahçelievler'),
(446, 34, 'Güngören'),
(447, 34, 'Maltepe'),
(448, 34, 'Sultanbeyli'),
(449, 34, 'Tuzla'),
(450, 34, 'Esenler'),
(451, 34, 'Arnavutköy'),
(452, 34, 'Ataşehir'),
(453, 34, 'Başakşehir'),
(454, 34, 'Beylikdüzü'),
(455, 34, 'Çekmeköy'),
(456, 34, 'Esenyurt'),
(457, 34, 'Sancaktepe'),
(458, 34, 'Sultangazi'),
(459, 35, 'Aliağa'),
(460, 35, 'Bayındır'),
(461, 35, 'Bergama'),
(462, 35, 'Bornova'),
(463, 35, 'Çeşme'),
(464, 35, 'Dikili'),
(465, 35, 'Foça'),
(466, 35, 'Karaburun'),
(467, 35, 'Karşıyaka'),
(468, 35, 'Kemalpaşa'),
(469, 35, 'Kınık'),
(470, 35, 'Kiraz'),
(471, 35, 'Menemen'),
(472, 35, 'Ödemiş'),
(473, 35, 'Seferihisar'),
(474, 35, 'Selçuk'),
(475, 35, 'Tire'),
(476, 35, 'Torbalı'),
(477, 35, 'Urla'),
(478, 35, 'Beydağ'),
(479, 35, 'Buca'),
(480, 35, 'Konak'),
(481, 35, 'Menderes'),
(482, 35, 'Balçova'),
(483, 35, 'Çiğli'),
(484, 35, 'Gaziemir'),
(485, 35, 'Narlıdere'),
(486, 35, 'Güzelbahçe'),
(487, 35, 'Bayraklı'),
(488, 35, 'Karabağlar'),
(489, 36, 'Arpaçay'),
(490, 36, 'Digor'),
(491, 36, 'Kağızman'),
(492, 36, 'Kars Merkez'),
(493, 36, 'Sarıkamış'),
(494, 36, 'Selim'),
(495, 36, 'Susuz'),
(496, 36, 'Akyaka'),
(497, 37, 'Abana'),
(498, 37, 'Araç'),
(499, 37, 'Azdavay'),
(500, 37, 'Bozkurt / Kastamonu'),
(501, 37, 'Cide'),
(502, 37, 'Çatalzeytin'),
(503, 37, 'Daday'),
(504, 37, 'Devrekani'),
(505, 37, 'İnebolu'),
(506, 37, 'Kastamonu Merkez'),
(507, 37, 'Küre'),
(508, 37, 'Taşköprü'),
(509, 37, 'Tosya'),
(510, 37, 'İhsangazi'),
(511, 37, 'Pınarbaşı / Kastamonu'),
(512, 37, 'Şenpazar'),
(513, 37, 'Ağlı'),
(514, 37, 'Doğanyurt'),
(515, 37, 'Hanönü'),
(516, 37, 'Seydiler'),
(517, 38, 'Bünyan'),
(518, 38, 'Develi'),
(519, 38, 'Felahiye'),
(520, 38, 'İncesu'),
(521, 38, 'Pınarbaşı / Kayseri'),
(522, 38, 'Sarıoğlan'),
(523, 38, 'Sarız'),
(524, 38, 'Tomarza'),
(525, 38, 'Yahyalı'),
(526, 38, 'Yeşilhisar'),
(527, 38, 'Akkışla'),
(528, 38, 'Talas'),
(529, 38, 'Kocasinan'),
(530, 38, 'Melikgazi'),
(531, 38, 'Hacılar'),
(532, 38, 'Özvatan'),
(533, 39, 'Babaeski'),
(534, 39, 'Demirköy'),
(535, 39, 'Kırklareli Merkez'),
(536, 39, 'Kofçaz'),
(537, 39, 'Lüleburgaz'),
(538, 39, 'Pehlivanköy'),
(539, 39, 'Pınarhisar'),
(540, 39, 'Vize'),
(541, 40, 'Çiçekdağı'),
(542, 40, 'Kaman'),
(543, 40, 'Kırşehir Merkez'),
(544, 40, 'Mucur'),
(545, 40, 'Akpınar'),
(546, 40, 'Akçakent'),
(547, 40, 'Boztepe'),
(548, 41, 'Gebze'),
(549, 41, 'Gölcük'),
(550, 41, 'Kandıra'),
(551, 41, 'Karamürsel'),
(552, 41, 'Körfez'),
(553, 41, 'Derince'),
(554, 41, 'Başiskele'),
(555, 41, 'Çayırova'),
(556, 41, 'Darıca'),
(557, 41, 'Dilovası'),
(558, 41, 'İzmit'),
(559, 41, 'Kartepe'),
(560, 42, 'Akşehir'),
(561, 42, 'Beyşehir'),
(562, 42, 'Bozkır'),
(563, 42, 'Cihanbeyli'),
(564, 42, 'Çumra'),
(565, 42, 'Doğanhisar'),
(566, 42, 'Ereğli / Konya'),
(567, 42, 'Hadim'),
(568, 42, 'Ilgın'),
(569, 42, 'Kadınhanı'),
(570, 42, 'Karapınar'),
(571, 42, 'Kulu'),
(572, 42, 'Sarayönü'),
(573, 42, 'Seydişehir'),
(574, 42, 'Yunak'),
(575, 42, 'Akören'),
(576, 42, 'Altınekin'),
(577, 42, 'Derebucak'),
(578, 42, 'Hüyük'),
(579, 42, 'Karatay'),
(580, 42, 'Meram'),
(581, 42, 'Selçuklu'),
(582, 42, 'Taşkent'),
(583, 42, 'Ahırlı'),
(584, 42, 'Çeltik'),
(585, 42, 'Derbent'),
(586, 42, 'Emirgazi'),
(587, 42, 'Güneysınır'),
(588, 42, 'Halkapınar'),
(589, 42, 'Tuzlukçu'),
(590, 42, 'Yalıhüyük'),
(591, 43, 'Altıntaş'),
(592, 43, 'Domaniç'),
(593, 43, 'Emet'),
(594, 43, 'Gediz'),
(595, 43, 'Kütahya Merkez'),
(596, 43, 'Simav'),
(597, 43, 'Tavşanlı'),
(598, 43, 'Aslanapa'),
(599, 43, 'Dumlupınar'),
(600, 43, 'Hisarcık'),
(601, 43, 'Şaphane'),
(602, 43, 'Çavdarhisar'),
(603, 43, 'Pazarlar'),
(604, 44, 'Akçadağ'),
(605, 44, 'Arapgir'),
(606, 44, 'Arguvan'),
(607, 44, 'Darende'),
(608, 44, 'Doğanşehir'),
(609, 44, 'Hekimhan'),
(610, 44, 'Pütürge'),
(611, 44, 'Yeşilyurt / Malatya'),
(612, 44, 'Battalgazi'),
(613, 44, 'Doğanyol'),
(614, 44, 'Kale / Malatya'),
(615, 44, 'Kuluncak'),
(616, 44, 'Yazıhan'),
(617, 45, 'Akhisar'),
(618, 45, 'Alaşehir'),
(619, 45, 'Demirci'),
(620, 45, 'Gördes'),
(621, 45, 'Kırkağaç'),
(622, 45, 'Kula'),
(623, 45, 'Salihli'),
(624, 45, 'Sarıgöl'),
(625, 45, 'Saruhanlı'),
(626, 45, 'Selendi'),
(627, 45, 'Soma'),
(628, 45, 'Turgutlu'),
(629, 45, 'Ahmetli'),
(630, 45, 'Gölmarmara'),
(631, 45, 'Köprübaşı / Manisa'),
(632, 45, 'Şehzadeler'),
(633, 45, 'Yunusemre'),
(634, 46, 'Afşin'),
(635, 46, 'Andırın'),
(636, 46, 'Elbistan'),
(637, 46, 'Göksun'),
(638, 46, 'Pazarcık'),
(639, 46, 'Türkoğlu'),
(640, 46, 'Çağlayancerit'),
(641, 46, 'Ekinözü'),
(642, 46, 'Nurhak'),
(643, 46, 'Dulkadiroğlu'),
(644, 46, 'Onikişubat'),
(645, 47, 'Derik'),
(646, 47, 'Kızıltepe'),
(647, 47, 'Mazıdağı'),
(648, 47, 'Midyat'),
(649, 47, 'Nusaybin'),
(650, 47, 'Ömerli'),
(651, 47, 'Savur'),
(652, 47, 'Dargeçit'),
(653, 47, 'Yeşilli'),
(654, 47, 'Artuklu'),
(655, 48, 'Bodrum'),
(656, 48, 'Datça'),
(657, 48, 'Fethiye'),
(658, 48, 'Köyceğiz'),
(659, 48, 'Marmaris'),
(660, 48, 'Milas'),
(661, 48, 'Ula'),
(662, 48, 'Yatağan'),
(663, 48, 'Dalaman'),
(664, 48, 'Ortaca'),
(665, 48, 'Kavaklıdere'),
(666, 48, 'Menteşe'),
(667, 48, 'Seydikemer'),
(668, 49, 'Bulanık'),
(669, 49, 'Malazgirt'),
(670, 49, 'Muş Merkez'),
(671, 49, 'Varto'),
(672, 49, 'Hasköy'),
(673, 49, 'Korkut'),
(674, 50, 'Avanos'),
(675, 50, 'Derinkuyu'),
(676, 50, 'Gülşehir'),
(677, 50, 'Hacıbektaş'),
(678, 50, 'Kozaklı'),
(679, 50, 'Nevşehir Merkez'),
(680, 50, 'Ürgüp'),
(681, 50, 'Acıgöl'),
(682, 51, 'Bor'),
(683, 51, 'Çamardı'),
(684, 51, 'Niğde Merkez'),
(685, 51, 'Ulukışla'),
(686, 51, 'Altunhisar'),
(687, 51, 'Çiftlik'),
(688, 52, 'Akkuş'),
(689, 52, 'Aybastı'),
(690, 52, 'Fatsa'),
(691, 52, 'Gölköy'),
(692, 52, 'Korgan'),
(693, 52, 'Kumru'),
(694, 52, 'Mesudiye'),
(695, 52, 'Perşembe'),
(696, 52, 'Ulubey / Ordu'),
(697, 52, 'Ünye'),
(698, 52, 'Gülyalı'),
(699, 52, 'Gürgentepe'),
(700, 52, 'Çamaş'),
(701, 52, 'Çatalpınar'),
(702, 52, 'Çaybaşı'),
(703, 52, 'İkizce'),
(704, 52, 'Kabadüz'),
(705, 52, 'Kabataş'),
(706, 52, 'Altınordu'),
(707, 53, 'Ardeşen'),
(708, 53, 'Çamlıhemşin'),
(709, 53, 'Çayeli'),
(710, 53, 'Fındıklı'),
(711, 53, 'İkizdere'),
(712, 53, 'Kalkandere'),
(713, 53, 'Pazar / Rize'),
(714, 53, 'Rize Merkez'),
(715, 53, 'Güneysu'),
(716, 53, 'Derepazarı'),
(717, 53, 'Hemşin'),
(718, 53, 'İyidere'),
(719, 54, 'Akyazı'),
(720, 54, 'Geyve'),
(721, 54, 'Hendek'),
(722, 54, 'Karasu'),
(723, 54, 'Kaynarca'),
(724, 54, 'Sapanca'),
(725, 54, 'Kocaali'),
(726, 54, 'Pamukova'),
(727, 54, 'Taraklı'),
(728, 54, 'Ferizli'),
(729, 54, 'Karapürçek'),
(730, 54, 'Söğütlü'),
(731, 54, 'Adapazarı'),
(732, 54, 'Arifiye'),
(733, 54, 'Erenler'),
(734, 54, 'Serdivan'),
(735, 55, 'Alaçam'),
(736, 55, 'Bafra'),
(737, 55, 'Çarşamba'),
(738, 55, 'Havza'),
(739, 55, 'Kavak'),
(740, 55, 'Ladik'),
(741, 55, 'Terme'),
(742, 55, 'Vezirköprü'),
(743, 55, 'Asarcık'),
(744, 55, '19 Mayıs'),
(745, 55, 'Salıpazarı'),
(746, 55, 'Tekkeköy'),
(747, 55, 'Ayvacık / Samsun'),
(748, 55, 'Yakakent'),
(749, 55, 'Atakum'),
(750, 55, 'Canik'),
(751, 55, 'İlkadım'),
(752, 56, 'Baykan'),
(753, 56, 'Eruh'),
(754, 56, 'Kurtalan'),
(755, 56, 'Pervari'),
(756, 56, 'Siirt Merkez'),
(757, 56, 'Şirvan'),
(758, 56, 'Tillo'),
(759, 57, 'Ayancık'),
(760, 57, 'Boyabat'),
(761, 57, 'Durağan'),
(762, 57, 'Erfelek'),
(763, 57, 'Gerze'),
(764, 57, 'Sinop Merkez'),
(765, 57, 'Türkeli'),
(766, 57, 'Dikmen'),
(767, 57, 'Saraydüzü'),
(768, 58, 'Divriği'),
(769, 58, 'Gemerek'),
(770, 58, 'Gürün'),
(771, 58, 'Hafik'),
(772, 58, 'İmranlı'),
(773, 58, 'Kangal'),
(774, 58, 'Koyulhisar'),
(775, 58, 'Sivas Merkez'),
(776, 58, 'Suşehri'),
(777, 58, 'Şarkışla'),
(778, 58, 'Yıldızeli'),
(779, 58, 'Zara'),
(780, 58, 'Akıncılar'),
(781, 58, 'Altınyayla / Sivas'),
(782, 58, 'Doğanşar'),
(783, 58, 'Gölova'),
(784, 58, 'Ulaş'),
(785, 59, 'Çerkezköy'),
(786, 59, 'Çorlu'),
(787, 59, 'Hayrabolu'),
(788, 59, 'Malkara'),
(789, 59, 'Muratlı'),
(790, 59, 'Saray / Tekirdağ'),
(791, 59, 'Şarköy'),
(792, 59, 'Marmaraereğlisi'),
(793, 59, 'Ergene'),
(794, 59, 'Süleymanpaşa'),
(795, 60, 'Almus'),
(796, 60, 'Artova'),
(797, 60, 'Erbaa'),
(798, 60, 'Niksar'),
(799, 60, 'Reşadiye'),
(800, 60, 'Tokat Merkez'),
(801, 60, 'Turhal'),
(802, 60, 'Zile'),
(803, 60, 'Pazar / Tokat'),
(804, 60, 'Yeşilyurt / Tokat'),
(805, 60, 'Başçiftlik'),
(806, 60, 'Sulusaray'),
(807, 61, 'Akçaabat'),
(808, 61, 'Araklı'),
(809, 61, 'Arsin'),
(810, 61, 'Çaykara'),
(811, 61, 'Maçka'),
(812, 61, 'Of'),
(813, 61, 'Sürmene'),
(814, 61, 'Tonya'),
(815, 61, 'Vakfıkebir'),
(816, 61, 'Yomra'),
(817, 61, 'Beşikdüzü'),
(818, 61, 'Şalpazarı'),
(819, 61, 'Çarşıbaşı'),
(820, 61, 'Dernekpazarı'),
(821, 61, 'Düzköy'),
(822, 61, 'Hayrat'),
(823, 61, 'Köprübaşı / Trabzon'),
(824, 61, 'Ortahisar'),
(825, 62, 'Çemişgezek'),
(826, 62, 'Hozat'),
(827, 62, 'Mazgirt'),
(828, 62, 'Nazımiye'),
(829, 62, 'Ovacık / Tunceli'),
(830, 62, 'Pertek'),
(831, 62, 'Pülümür'),
(832, 62, 'Tunceli Merkez'),
(833, 63, 'Akçakale'),
(834, 63, 'Birecik'),
(835, 63, 'Bozova'),
(836, 63, 'Ceylanpınar'),
(837, 63, 'Halfeti'),
(838, 63, 'Hilvan'),
(839, 63, 'Siverek'),
(840, 63, 'Suruç'),
(841, 63, 'Viranşehir'),
(842, 63, 'Harran'),
(843, 63, 'Eyyübiye'),
(844, 63, 'Haliliye'),
(845, 63, 'Karaköprü'),
(846, 64, 'Banaz'),
(847, 64, 'Eşme'),
(848, 64, 'Karahallı'),
(849, 64, 'Sivaslı'),
(850, 64, 'Ulubey / Uşak'),
(851, 64, 'Uşak Merkez'),
(852, 65, 'Başkale'),
(853, 65, 'Çatak'),
(854, 65, 'Erciş'),
(855, 65, 'Gevaş'),
(856, 65, 'Gürpınar'),
(857, 65, 'Muradiye'),
(858, 65, 'Özalp'),
(859, 65, 'Bahçesaray'),
(860, 65, 'Çaldıran'),
(861, 65, 'Edremit / Van'),
(862, 65, 'Saray / Van'),
(863, 65, 'İpekyolu'),
(864, 65, 'Tuşba'),
(865, 66, 'Akdağmadeni'),
(866, 66, 'Boğazlıyan'),
(867, 66, 'Çayıralan'),
(868, 66, 'Çekerek'),
(869, 66, 'Sarıkaya'),
(870, 66, 'Sorgun'),
(871, 66, 'Şefaatli'),
(872, 66, 'Yerköy'),
(873, 66, 'Yozgat Merkez'),
(874, 66, 'Aydıncık / Yozgat'),
(875, 66, 'Çandır'),
(876, 66, 'Kadışehri'),
(877, 66, 'Saraykent'),
(878, 66, 'Yenifakılı'),
(879, 67, 'Çaycuma'),
(880, 67, 'Devrek'),
(881, 67, 'Ereğli / Zonguldak'),
(882, 67, 'Zonguldak Merkez'),
(883, 67, 'Alaplı'),
(884, 67, 'Gökçebey'),
(885, 68, 'Aksaray Merkez'),
(886, 68, 'Ortaköy / Aksaray'),
(887, 68, 'Ağaçören'),
(888, 68, 'Güzelyurt'),
(889, 68, 'Sarıyahşi'),
(890, 68, 'Eskil'),
(891, 68, 'Gülağaç'),
(892, 69, 'Bayburt Merkez'),
(893, 69, 'Aydıntepe'),
(894, 69, 'Demirözü'),
(895, 70, 'Ermenek'),
(896, 70, 'Karaman Merkez'),
(897, 70, 'Ayrancı'),
(898, 70, 'Kazımkarabekir'),
(899, 70, 'Başyayla'),
(900, 70, 'Sarıveliler'),
(901, 71, 'Delice'),
(902, 71, 'Keskin'),
(903, 71, 'Kırıkkale Merkez'),
(904, 71, 'Sulakyurt'),
(905, 71, 'Bahşili'),
(906, 71, 'Balışeyh'),
(907, 71, 'Çelebi'),
(908, 71, 'Karakeçili'),
(909, 71, 'Yahşihan'),
(910, 72, 'Batman Merkez'),
(911, 72, 'Beşiri'),
(912, 72, 'Gercüş'),
(913, 72, 'Kozluk'),
(914, 72, 'Sason'),
(915, 72, 'Hasankeyf'),
(916, 73, 'Beytüşşebap'),
(917, 73, 'Cizre'),
(918, 73, 'İdil'),
(919, 73, 'Silopi'),
(920, 73, 'Şırnak Merkez'),
(921, 73, 'Uludere'),
(922, 73, 'Güçlükonak'),
(923, 74, 'Bartın Merkez'),
(924, 74, 'Kurucaşile'),
(925, 74, 'Ulus'),
(926, 74, 'Amasra'),
(927, 75, 'Ardahan Merkez'),
(928, 75, 'Çıldır'),
(929, 75, 'Göle'),
(930, 75, 'Hanak'),
(931, 75, 'Posof'),
(932, 75, 'Damal'),
(933, 76, 'Aralık'),
(934, 76, 'Iğdır Merkez'),
(935, 76, 'Tuzluca'),
(936, 76, 'Karakoyunlu'),
(937, 77, 'Yalova Merkez'),
(938, 77, 'Altınova'),
(939, 77, 'Armutlu'),
(940, 77, 'Çınarcık'),
(941, 77, 'Çiftlikköy'),
(942, 77, 'Termal'),
(943, 78, 'Eflani'),
(944, 78, 'Eskipazar'),
(945, 78, 'Karabük Merkez'),
(946, 78, 'Ovacık / Karabük'),
(947, 78, 'Safranbolu'),
(948, 78, 'Yenice / Karabük'),
(949, 79, 'Kilis Merkez'),
(950, 79, 'Elbeyli'),
(951, 79, 'Musabeyli'),
(952, 79, 'Polateli'),
(953, 80, 'Bahçe'),
(954, 80, 'Kadirli'),
(955, 80, 'Osmaniye Merkez'),
(956, 80, 'Düziçi'),
(957, 80, 'Hasanbeyli'),
(958, 80, 'Sumbas'),
(959, 80, 'Toprakkale'),
(960, 81, 'Akçakoca'),
(961, 81, 'Düzce Merkez'),
(962, 81, 'Yığılca'),
(963, 81, 'Cumayeri'),
(964, 81, 'Gölyaka'),
(965, 81, 'Çilimli'),
(966, 81, 'Gümüşova'),
(967, 81, 'Kaynaşlı');

-- --------------------------------------------------------

--
-- Tablo için tablo yapısı `kargo`
--

CREATE TABLE IF NOT EXISTS `kargo` (
  `kargo_` int(11) NOT NULL,
  `aliciadi` varchar(30) NOT NULL,
  `alicisoyadi` varchar(30) NOT NULL,
  `alicitel` varchar(11) NOT NULL,
  `aliciadres_` int(11) NOT NULL,
  `kilo` double NOT NULL,
  `desi` double NOT NULL,
  `ucret` double NOT NULL,
  `ucrettip_` int(11) NOT NULL,
  `musteri_` int(11) NOT NULL,
  `gonderensube_` int(11) NOT NULL,
  `alicisube_` int(11) NOT NULL,
  `gonderenpersonel_` int(11) NOT NULL,
  `alicipersonel_` int(11) DEFAULT NULL,
  `subelerarasisevkiyat_` int(11) NOT NULL,
  `subeadressevkiyat_` int(11) DEFAULT NULL,
  `kargodurum_` int(11) NOT NULL,
  `kabultarihi` datetime DEFAULT NULL,
  `kayittarihi` datetime NOT NULL DEFAULT CURRENT_TIMESTAMP
) ENGINE=InnoDB AUTO_INCREMENT=5 DEFAULT CHARSET=latin5;

--
-- Tablo döküm verisi `kargo`
--

INSERT INTO `kargo` (`kargo_`, `aliciadi`, `alicisoyadi`, `alicitel`, `aliciadres_`, `kilo`, `desi`, `ucret`, `ucrettip_`, `musteri_`, `gonderensube_`, `alicisube_`, `gonderenpersonel_`, `alicipersonel_`, `subelerarasisevkiyat_`, `subeadressevkiyat_`, `kargodurum_`, `kabultarihi`, `kayittarihi`) VALUES
(3, 'Ayşe', 'Çam', '8563213', 42, 12, 15, 20, 0, 8, 1, 4, 1, NULL, 6, 6, 4, NULL, '2016-05-02 23:52:45'),
(4, 'Hatice', 'Hatice', '8653485', 44, 8, 10, 48, 1, 9, 1, 3, 1, NULL, 6, 6, 3, NULL, '2016-05-03 14:53:53');

-- --------------------------------------------------------

--
-- Tablo için tablo yapısı `kargodurum`
--

CREATE TABLE IF NOT EXISTS `kargodurum` (
  `kargodurum_` int(11) NOT NULL,
  `durumu` varchar(50) NOT NULL,
  `aciklama` varchar(100) NOT NULL
) ENGINE=InnoDB AUTO_INCREMENT=6 DEFAULT CHARSET=latin5;

--
-- Tablo döküm verisi `kargodurum`
--

INSERT INTO `kargodurum` (`kargodurum_`, `durumu`, `aciklama`) VALUES
(1, 'Kabul', 'Kargo kayıt yapıldığında ve şubede duruyorsa...'),
(2, 'Alıcı Şubeye Sevkiyat', 'Alıcı şubeye sevkiyat'),
(3, 'Alıcı Şubede', 'Alıcı şubeye ulaştığında....'),
(4, 'Alıcı Adrese Sevkiyat', 'Şubeden alıcı adrese sevkiyat...'),
(5, 'Teslim Edildi', 'Kargo teslim edildi....');

-- --------------------------------------------------------

--
-- Tablo için tablo yapısı `musteri`
--

CREATE TABLE IF NOT EXISTS `musteri` (
  `musteri_` int(11) NOT NULL,
  `tc` varchar(11) NOT NULL,
  `adi` varchar(30) NOT NULL,
  `soyadi` varchar(30) NOT NULL,
  `tel` varchar(11) NOT NULL,
  `email` varchar(50) NOT NULL,
  `adres_` int(11) NOT NULL,
  `sube_` int(11) NOT NULL,
  `sil` bit(1) NOT NULL DEFAULT b'0'
) ENGINE=InnoDB AUTO_INCREMENT=10 DEFAULT CHARSET=latin5;

--
-- Tablo döküm verisi `musteri`
--

INSERT INTO `musteri` (`musteri_`, `tc`, `adi`, `soyadi`, `tel`, `email`, `adres_`, `sube_`, `sil`) VALUES
(7, '5423156', 'Ali', 'Kar', '489655', 'ali@kar.com', 39, 1, b'0'),
(8, '852963', 'Mehmet', 'Gündüz', '7418529', 'meh@guz.com', 43, 1, b'0'),
(9, '8965556', 'Hakan', 'Yurt', '4865', 'hakan@you.com', 45, 2, b'0');

-- --------------------------------------------------------

--
-- Tablo için tablo yapısı `personel`
--

CREATE TABLE IF NOT EXISTS `personel` (
  `personel_` int(11) NOT NULL,
  `adi` varchar(30) NOT NULL,
  `soyadi` varchar(30) NOT NULL,
  `tc` varchar(11) NOT NULL,
  `tel` varchar(11) NOT NULL,
  `email` varchar(50) NOT NULL,
  `cinsiyet` bit(1) NOT NULL,
  `sifre` varchar(32) NOT NULL,
  `personeltip_` int(11) NOT NULL,
  `adres_` int(11) NOT NULL,
  `sube_` int(11) NOT NULL,
  `sil` bit(1) NOT NULL DEFAULT b'0',
  `dogumtarihi` date NOT NULL
) ENGINE=InnoDB AUTO_INCREMENT=9 DEFAULT CHARSET=latin5;

--
-- Tablo döküm verisi `personel`
--

INSERT INTO `personel` (`personel_`, `adi`, `soyadi`, `tc`, `tel`, `email`, `cinsiyet`, `sifre`, `personeltip_`, `adres_`, `sube_`, `sil`, `dogumtarihi`) VALUES
(1, 'Eyüp', 'Gevenim', '11111111111', '05391111111', 'eyup@gevenim.com', b'1', '202cb962ac59075b964b07152d234b70', 1, 1, 1, b'0', '2000-05-02'),
(2, 'Ahmet', 'Demo1', '12121212121', '05391112233', 'ahmet@demo1.com', b'1', '202cb962ac59075b964b07152d234b70', 2, 4, 2, b'0', '1990-00-00'),
(3, 'Fatma', 'Demo2', '23232323232', '05391111222', 'fatma@demo2.com', b'0', '202cb962ac59075b964b07152d234b70', 3, 5, 3, b'0', '1980-00-00'),
(6, 'Hasan', 'Demo3', '12334566', '123565', 'has@has.com', b'1', 'null', 4, 22, 6, b'0', '2005-00-00'),
(7, 'Ela', 'Ok', '856654', '798465', 'ela@ok.com', b'1', '202cb962ac59075b964b07152d234b70', 2, 23, 3, b'0', '1985-00-00'),
(8, 'Musa', 'Tek', '856285', '8956556', 'musa@tek.com', b'1', '202cb962ac59075b964b07152d234b70', 3, 48, 2, b'0', '1998-05-13');

-- --------------------------------------------------------

--
-- Tablo için tablo yapısı `personeltip`
--

CREATE TABLE IF NOT EXISTS `personeltip` (
  `personeltip_` int(11) NOT NULL,
  `tipadi` varchar(30) NOT NULL,
  `aciklama` varchar(100) NOT NULL
) ENGINE=InnoDB AUTO_INCREMENT=5 DEFAULT CHARSET=latin5;

--
-- Tablo döküm verisi `personeltip`
--

INSERT INTO `personeltip` (`personeltip_`, `tipadi`, `aciklama`) VALUES
(1, 'Genel Müdür', 'Tüm yetkiler bulunuyor...'),
(2, 'Şube Müdürü', 'Belirli bir şubenin tüm yetkileri bulunuyor...'),
(3, 'Şube Personeli', 'Belirli bir şubedeki müşteri işlemleriyle yetkili ...'),
(4, 'Sevkiyat Personeli', 'Kargo taşımasını sağlıyor..');

-- --------------------------------------------------------

--
-- Tablo için tablo yapısı `sube`
--

CREATE TABLE IF NOT EXISTS `sube` (
  `sube` int(11) NOT NULL,
  `subeadi` varchar(30) NOT NULL,
  `adres_` int(11) NOT NULL,
  `koordinat` varchar(20) NOT NULL,
  `subetip_` int(11) NOT NULL DEFAULT '0',
  `sil` bit(1) NOT NULL DEFAULT b'0'
) ENGINE=InnoDB AUTO_INCREMENT=7 DEFAULT CHARSET=latin5;

--
-- Tablo döküm verisi `sube`
--

INSERT INTO `sube` (`sube`, `subeadi`, `adres_`, `koordinat`, `subetip_`, `sil`) VALUES
(1, 'Beyoğlu Genel', 1, '41.034179,28.9767693', 1, b'0'),
(2, 'Karşıyaka', 2, 'null', 0, b'0'),
(3, 'Kadıköy', 3, 'null', 0, b'0'),
(4, 'Dost', 8, 'null', 0, b'0'),
(6, 'YepYeni Şube', 10, 'null', 0, b'0');

--
-- Dökümü yapılmış tablolar için indeksler
--

--
-- Tablo için indeksler `adres`
--
ALTER TABLE `adres`
  ADD PRIMARY KEY (`adres_`), ADD KEY `ilce_` (`ilce_`);

--
-- Tablo için indeksler `il`
--
ALTER TABLE `il`
  ADD PRIMARY KEY (`il_`);

--
-- Tablo için indeksler `ilce`
--
ALTER TABLE `ilce`
  ADD PRIMARY KEY (`ilce_`), ADD KEY `IDX_DF2497D4BAF0B6B8` (`il_`), ADD KEY `il_` (`il_`);

--
-- Tablo için indeksler `kargo`
--
ALTER TABLE `kargo`
  ADD PRIMARY KEY (`kargo_`), ADD KEY `aliciadres_` (`aliciadres_`), ADD KEY `kargodurum_` (`kargodurum_`), ADD KEY `musteri_` (`musteri_`), ADD KEY `alicisube_` (`alicisube_`), ADD KEY `gonderensube_` (`gonderensube_`), ADD KEY `gonderenpersonel_` (`gonderenpersonel_`);

--
-- Tablo için indeksler `kargodurum`
--
ALTER TABLE `kargodurum`
  ADD PRIMARY KEY (`kargodurum_`);

--
-- Tablo için indeksler `musteri`
--
ALTER TABLE `musteri`
  ADD PRIMARY KEY (`musteri_`), ADD KEY `sube_` (`sube_`), ADD KEY `adres_` (`adres_`);

--
-- Tablo için indeksler `personel`
--
ALTER TABLE `personel`
  ADD PRIMARY KEY (`personel_`), ADD KEY `sube_` (`sube_`), ADD KEY `adres_` (`adres_`), ADD KEY `personeltip_` (`personeltip_`);

--
-- Tablo için indeksler `personeltip`
--
ALTER TABLE `personeltip`
  ADD PRIMARY KEY (`personeltip_`);

--
-- Tablo için indeksler `sube`
--
ALTER TABLE `sube`
  ADD PRIMARY KEY (`sube`), ADD KEY `adres_` (`adres_`);

--
-- Dökümü yapılmış tablolar için AUTO_INCREMENT değeri
--

--
-- Tablo için AUTO_INCREMENT değeri `adres`
--
ALTER TABLE `adres`
  MODIFY `adres_` int(11) NOT NULL AUTO_INCREMENT,AUTO_INCREMENT=49;
--
-- Tablo için AUTO_INCREMENT değeri `il`
--
ALTER TABLE `il`
  MODIFY `il_` int(11) NOT NULL AUTO_INCREMENT,AUTO_INCREMENT=82;
--
-- Tablo için AUTO_INCREMENT değeri `ilce`
--
ALTER TABLE `ilce`
  MODIFY `ilce_` int(11) NOT NULL AUTO_INCREMENT,AUTO_INCREMENT=968;
--
-- Tablo için AUTO_INCREMENT değeri `kargo`
--
ALTER TABLE `kargo`
  MODIFY `kargo_` int(11) NOT NULL AUTO_INCREMENT,AUTO_INCREMENT=5;
--
-- Tablo için AUTO_INCREMENT değeri `kargodurum`
--
ALTER TABLE `kargodurum`
  MODIFY `kargodurum_` int(11) NOT NULL AUTO_INCREMENT,AUTO_INCREMENT=6;
--
-- Tablo için AUTO_INCREMENT değeri `musteri`
--
ALTER TABLE `musteri`
  MODIFY `musteri_` int(11) NOT NULL AUTO_INCREMENT,AUTO_INCREMENT=10;
--
-- Tablo için AUTO_INCREMENT değeri `personel`
--
ALTER TABLE `personel`
  MODIFY `personel_` int(11) NOT NULL AUTO_INCREMENT,AUTO_INCREMENT=9;
--
-- Tablo için AUTO_INCREMENT değeri `personeltip`
--
ALTER TABLE `personeltip`
  MODIFY `personeltip_` int(11) NOT NULL AUTO_INCREMENT,AUTO_INCREMENT=5;
--
-- Tablo için AUTO_INCREMENT değeri `sube`
--
ALTER TABLE `sube`
  MODIFY `sube` int(11) NOT NULL AUTO_INCREMENT,AUTO_INCREMENT=7;
--
-- Dökümü yapılmış tablolar için kısıtlamalar
--

--
-- Tablo kısıtlamaları `adres`
--
ALTER TABLE `adres`
ADD CONSTRAINT `adres_ibfk_1` FOREIGN KEY (`ilce_`) REFERENCES `ilce` (`ilce_`) ON DELETE CASCADE ON UPDATE CASCADE;

--
-- Tablo kısıtlamaları `ilce`
--
ALTER TABLE `ilce`
ADD CONSTRAINT `ilce_ibfk_1` FOREIGN KEY (`il_`) REFERENCES `il` (`il_`) ON DELETE CASCADE ON UPDATE CASCADE;

--
-- Tablo kısıtlamaları `kargo`
--
ALTER TABLE `kargo`
ADD CONSTRAINT `kargo_ibfk_2` FOREIGN KEY (`gonderensube_`) REFERENCES `sube` (`sube`) ON DELETE CASCADE ON UPDATE CASCADE,
ADD CONSTRAINT `kargo_ibfk_3` FOREIGN KEY (`alicisube_`) REFERENCES `sube` (`sube`) ON DELETE CASCADE ON UPDATE CASCADE,
ADD CONSTRAINT `kargo_ibfk_4` FOREIGN KEY (`musteri_`) REFERENCES `musteri` (`musteri_`) ON DELETE CASCADE ON UPDATE CASCADE,
ADD CONSTRAINT `kargo_ibfk_5` FOREIGN KEY (`aliciadres_`) REFERENCES `adres` (`adres_`) ON DELETE CASCADE ON UPDATE CASCADE,
ADD CONSTRAINT `kargo_ibfk_6` FOREIGN KEY (`gonderenpersonel_`) REFERENCES `personel` (`personel_`) ON DELETE CASCADE ON UPDATE CASCADE,
ADD CONSTRAINT `kargo_ibfk_7` FOREIGN KEY (`kargodurum_`) REFERENCES `kargodurum` (`kargodurum_`) ON DELETE CASCADE ON UPDATE CASCADE;

--
-- Tablo kısıtlamaları `musteri`
--
ALTER TABLE `musteri`
ADD CONSTRAINT `musteri_ibfk_1` FOREIGN KEY (`adres_`) REFERENCES `adres` (`adres_`),
ADD CONSTRAINT `musteri_ibfk_2` FOREIGN KEY (`sube_`) REFERENCES `sube` (`sube`) ON DELETE CASCADE ON UPDATE CASCADE;

--
-- Tablo kısıtlamaları `personel`
--
ALTER TABLE `personel`
ADD CONSTRAINT `personel_ibfk_1` FOREIGN KEY (`personeltip_`) REFERENCES `personeltip` (`personeltip_`) ON DELETE CASCADE ON UPDATE CASCADE,
ADD CONSTRAINT `personel_ibfk_2` FOREIGN KEY (`sube_`) REFERENCES `sube` (`sube`) ON DELETE CASCADE ON UPDATE CASCADE,
ADD CONSTRAINT `personel_ibfk_3` FOREIGN KEY (`adres_`) REFERENCES `adres` (`adres_`) ON DELETE CASCADE ON UPDATE CASCADE;

--
-- Tablo kısıtlamaları `sube`
--
ALTER TABLE `sube`
ADD CONSTRAINT `sube_ibfk_1` FOREIGN KEY (`adres_`) REFERENCES `adres` (`adres_`) ON DELETE CASCADE ON UPDATE CASCADE;

/*!40101 SET CHARACTER_SET_CLIENT=@OLD_CHARACTER_SET_CLIENT */;
/*!40101 SET CHARACTER_SET_RESULTS=@OLD_CHARACTER_SET_RESULTS */;
/*!40101 SET COLLATION_CONNECTION=@OLD_COLLATION_CONNECTION */;
